ip.src,ip.dst,ip.proto,frame.len
,,,76
,,,76
10.0.0.1,10.0.0.2,1,104
10.0.0.1,10.0.0.2,1,104
10.0.0.2,10.0.0.1,1,104
10.0.0.2,10.0.0.1,1,104
10.0.0.1,10.0.0.2,1,104
10.0.0.1,10.0.0.2,1,104
10.0.0.2,10.0.0.1,1,104
10.0.0.2,10.0.0.1,1,104
10.0.0.1,10.0.0.2,1,104
10.0.0.1,10.0.0.2,1,104
10.0.0.2,10.0.0.1,1,104
10.0.0.2,10.0.0.1,1,104
10.0.0.1,10.0.0.2,1,104
10.0.0.1,10.0.0.2,1,104
10.0.0.2,10.0.0.1,1,104
10.0.0.2,10.0.0.1,1,104
10.0.0.1,10.0.0.2,1,104
10.0.0.1,10.0.0.2,1,104
10.0.0.2,10.0.0.1,1,104
10.0.0.2,10.0.0.1,1,104
10.0.0.1,10.0.0.2,1,104
10.0.0.1,10.0.0.2,1,104
10.0.0.2,10.0.0.1,1,104
10.0.0.2,10.0.0.1,1,104
10.0.0.1,10.0.0.2,1,104
10.0.0.1,10.0.0.2,1,104
10.0.0.2,10.0.0.1,1,104
10.0.0.2,10.0.0.1,1,104
10.0.0.1,10.0.0.2,1,104
10.0.0.1,10.0.0.2,1,104
10.0.0.2,10.0.0.1,1,104
10.0.0.2,10.0.0.1,1,104
10.0.0.1,10.0.0.2,1,104
10.0.0.1,10.0.0.2,1,104
10.0.0.2,10.0.0.1,1,104
10.0.0.2,10.0.0.1,1,104
10.0.0.1,10.0.0.2,1,104
10.0.0.1,10.0.0.2,1,104
10.0.0.2,10.0.0.1,1,104
10.0.0.2,10.0.0.1,1,104
10.0.0.1,10.0.0.2,1,104
10.0.0.1,10.0.0.2,1,104
10.0.0.2,10.0.0.1,1,104
10.0.0.2,10.0.0.1,1,104
10.0.0.1,10.0.0.2,1,104
10.0.0.1,10.0.0.2,1,104
10.0.0.2,10.0.0.1,1,104
10.0.0.2,10.0.0.1,1,104
10.0.0.1,10.0.0.2,1,104
10.0.0.1,10.0.0.2,1,104
10.0.0.2,10.0.0.1,1,104
10.0.0.2,10.0.0.1,1,104
10.0.0.1,10.0.0.2,1,104
10.0.0.1,10.0.0.2,1,104
10.0.0.2,10.0.0.1,1,104
10.0.0.2,10.0.0.1,1,104
10.0.0.1,10.0.0.2,1,104
10.0.0.1,10.0.0.2,1,104
10.0.0.2,10.0.0.1,1,104
10.0.0.2,10.0.0.1,1,104
10.0.0.1,10.0.0.2,1,104
10.0.0.1,10.0.0.2,1,104
10.0.0.2,10.0.0.1,1,104
10.0.0.2,10.0.0.1,1,104
10.0.0.1,10.0.0.2,1,104
10.0.0.1,10.0.0.2,1,104
10.0.0.2,10.0.0.1,1,104
10.0.0.2,10.0.0.1,1,104
10.0.0.1,10.0.0.2,1,104
10.0.0.1,10.0.0.2,1,104
10.0.0.2,10.0.0.1,1,104
10.0.0.2,10.0.0.1,1,104
10.0.0.1,10.0.0.2,1,104
10.0.0.1,10.0.0.2,1,104
10.0.0.2,10.0.0.1,1,104
10.0.0.2,10.0.0.1,1,104
10.0.0.1,10.0.0.2,1,104
10.0.0.1,10.0.0.2,1,104
10.0.0.2,10.0.0.1,1,104
10.0.0.2,10.0.0.1,1,104
10.0.0.1,10.0.0.2,1,104
10.0.0.1,10.0.0.2,1,104
10.0.0.2,10.0.0.1,1,104
10.0.0.2,10.0.0.1,1,104
10.0.0.1,10.0.0.2,1,104
10.0.0.1,10.0.0.2,1,104
10.0.0.2,10.0.0.1,1,104
10.0.0.2,10.0.0.1,1,104
10.0.0.1,10.0.0.2,1,104
10.0.0.1,10.0.0.2,1,104
10.0.0.2,10.0.0.1,1,104
10.0.0.2,10.0.0.1,1,104
10.0.0.1,10.0.0.2,1,104
10.0.0.1,10.0.0.2,1,104
10.0.0.2,10.0.0.1,1,104
10.0.0.2,10.0.0.1,1,104
10.0.0.1,10.0.0.2,1,104
10.0.0.1,10.0.0.2,1,104
10.0.0.2,10.0.0.1,1,104
10.0.0.2,10.0.0.1,1,104
,,,48
,,,48
,,,48
,,,48
,,,48
,,,48
,,,48
,,,48
10.0.0.1,10.0.0.2,1,104
10.0.0.1,10.0.0.2,1,104
10.0.0.2,10.0.0.1,1,104
10.0.0.2,10.0.0.1,1,104
10.0.0.1,10.0.0.2,1,104
10.0.0.1,10.0.0.2,1,104
10.0.0.2,10.0.0.1,1,104
10.0.0.2,10.0.0.1,1,104
10.0.0.1,10.0.0.2,1,104
10.0.0.1,10.0.0.2,1,104
10.0.0.2,10.0.0.1,1,104
10.0.0.2,10.0.0.1,1,104
10.0.0.1,10.0.0.2,1,104
10.0.0.1,10.0.0.2,1,104
10.0.0.2,10.0.0.1,1,104
10.0.0.2,10.0.0.1,1,104
10.0.0.1,10.0.0.2,1,104
10.0.0.1,10.0.0.2,1,104
10.0.0.2,10.0.0.1,1,104
10.0.0.2,10.0.0.1,1,104
10.0.0.1,10.0.0.2,1,104
10.0.0.1,10.0.0.2,1,104
10.0.0.2,10.0.0.1,1,104
10.0.0.2,10.0.0.1,1,104
10.0.0.1,10.0.0.2,1,104
10.0.0.1,10.0.0.2,1,104
10.0.0.2,10.0.0.1,1,104
10.0.0.2,10.0.0.1,1,104
10.0.0.1,10.0.0.2,1,104
10.0.0.1,10.0.0.2,1,104
10.0.0.2,10.0.0.1,1,104
10.0.0.2,10.0.0.1,1,104
10.0.0.1,10.0.0.2,1,104
10.0.0.1,10.0.0.2,1,104
10.0.0.2,10.0.0.1,1,104
10.0.0.2,10.0.0.1,1,104
10.0.0.1,10.0.0.2,1,104
10.0.0.1,10.0.0.2,1,104
10.0.0.2,10.0.0.1,1,104
10.0.0.2,10.0.0.1,1,104
10.0.0.1,10.0.0.2,1,104
10.0.0.1,10.0.0.2,1,104
10.0.0.2,10.0.0.1,1,104
10.0.0.2,10.0.0.1,1,104
10.0.0.1,10.0.0.2,1,104
10.0.0.1,10.0.0.2,1,104
10.0.0.2,10.0.0.1,1,104
10.0.0.2,10.0.0.1,1,104
10.0.0.1,10.0.0.2,1,104
10.0.0.1,10.0.0.2,1,104
10.0.0.2,10.0.0.1,1,104
10.0.0.2,10.0.0.1,1,104
10.0.0.1,10.0.0.2,1,104
10.0.0.1,10.0.0.2,1,104
10.0.0.2,10.0.0.1,1,104
10.0.0.2,10.0.0.1,1,104
10.0.0.1,10.0.0.2,1,104
10.0.0.1,10.0.0.2,1,104
10.0.0.2,10.0.0.1,1,104
10.0.0.2,10.0.0.1,1,104
10.0.0.1,10.0.0.2,1,104
10.0.0.1,10.0.0.2,1,104
10.0.0.2,10.0.0.1,1,104
10.0.0.2,10.0.0.1,1,104
10.0.0.1,10.0.0.2,1,104
10.0.0.1,10.0.0.2,1,104
10.0.0.2,10.0.0.1,1,104
10.0.0.2,10.0.0.1,1,104
10.0.0.1,10.0.0.2,1,104
10.0.0.1,10.0.0.2,1,104
10.0.0.2,10.0.0.1,1,104
10.0.0.2,10.0.0.1,1,104
10.0.0.1,10.0.0.2,1,104
10.0.0.1,10.0.0.2,1,104
10.0.0.2,10.0.0.1,1,104
10.0.0.2,10.0.0.1,1,104
10.0.0.1,10.0.0.2,1,104
10.0.0.1,10.0.0.2,1,104
10.0.0.2,10.0.0.1,1,104
10.0.0.2,10.0.0.1,1,104
10.0.0.1,10.0.0.2,1,104
10.0.0.1,10.0.0.2,1,104
10.0.0.2,10.0.0.1,1,104
10.0.0.2,10.0.0.1,1,104
10.0.0.1,10.0.0.2,1,104
10.0.0.1,10.0.0.2,1,104
10.0.0.2,10.0.0.1,1,104
10.0.0.2,10.0.0.1,1,104
10.0.0.1,10.0.0.2,1,104
10.0.0.1,10.0.0.2,1,104
10.0.0.2,10.0.0.1,1,104
10.0.0.2,10.0.0.1,1,104
10.0.0.1,10.0.0.2,1,104
10.0.0.1,10.0.0.2,1,104
10.0.0.2,10.0.0.1,1,104
10.0.0.2,10.0.0.1,1,104
10.0.0.1,10.0.0.2,1,104
10.0.0.1,10.0.0.2,1,104
10.0.0.2,10.0.0.1,1,104
10.0.0.2,10.0.0.1,1,104
10.0.0.1,10.0.0.2,1,104
10.0.0.1,10.0.0.2,1,104
10.0.0.2,10.0.0.1,1,104
10.0.0.2,10.0.0.1,1,104
10.0.0.1,10.0.0.2,1,104
10.0.0.1,10.0.0.2,1,104
10.0.0.2,10.0.0.1,1,104
10.0.0.2,10.0.0.1,1,104
10.0.0.1,10.0.0.2,1,104
10.0.0.1,10.0.0.2,1,104
10.0.0.2,10.0.0.1,1,104
10.0.0.2,10.0.0.1,1,104
10.0.0.1,10.0.0.2,1,104
10.0.0.1,10.0.0.2,1,104
10.0.0.2,10.0.0.1,1,104
10.0.0.2,10.0.0.1,1,104
10.0.0.1,10.0.0.2,1,104
10.0.0.1,10.0.0.2,1,104
10.0.0.2,10.0.0.1,1,104
10.0.0.2,10.0.0.1,1,104
10.0.0.1,10.0.0.2,1,104
10.0.0.1,10.0.0.2,1,104
10.0.0.2,10.0.0.1,1,104
10.0.0.2,10.0.0.1,1,104
10.0.0.1,10.0.0.2,1,104
10.0.0.1,10.0.0.2,1,104
10.0.0.2,10.0.0.1,1,104
10.0.0.2,10.0.0.1,1,104
10.0.0.1,10.0.0.2,1,104
10.0.0.1,10.0.0.2,1,104
10.0.0.2,10.0.0.1,1,104
10.0.0.2,10.0.0.1,1,104
10.0.0.1,10.0.0.2,1,104
10.0.0.1,10.0.0.2,1,104
10.0.0.2,10.0.0.1,1,104
10.0.0.2,10.0.0.1,1,104
10.0.0.1,10.0.0.2,1,104
10.0.0.1,10.0.0.2,1,104
10.0.0.2,10.0.0.1,1,104
10.0.0.2,10.0.0.1,1,104
10.0.0.1,10.0.0.2,1,104
10.0.0.1,10.0.0.2,1,104
10.0.0.2,10.0.0.1,1,104
10.0.0.2,10.0.0.1,1,104
10.0.0.1,10.0.0.2,1,104
10.0.0.1,10.0.0.2,1,104
10.0.0.2,10.0.0.1,1,104
10.0.0.2,10.0.0.1,1,104
10.0.0.1,10.0.0.2,1,104
10.0.0.1,10.0.0.2,1,104
10.0.0.2,10.0.0.1,1,104
10.0.0.2,10.0.0.1,1,104
10.0.0.1,10.0.0.2,1,104
10.0.0.1,10.0.0.2,1,104
10.0.0.2,10.0.0.1,1,104
10.0.0.2,10.0.0.1,1,104
10.0.0.1,10.0.0.2,1,104
10.0.0.1,10.0.0.2,1,104
10.0.0.2,10.0.0.1,1,104
10.0.0.2,10.0.0.1,1,104
10.0.0.1,10.0.0.2,1,104
10.0.0.1,10.0.0.2,1,104
10.0.0.2,10.0.0.1,1,104
10.0.0.2,10.0.0.1,1,104
10.0.0.1,10.0.0.2,1,104
10.0.0.1,10.0.0.2,1,104
10.0.0.2,10.0.0.1,1,104
10.0.0.2,10.0.0.1,1,104
10.0.0.1,10.0.0.2,1,104
10.0.0.1,10.0.0.2,1,104
10.0.0.2,10.0.0.1,1,104
10.0.0.2,10.0.0.1,1,104
10.0.0.1,10.0.0.2,1,104
10.0.0.1,10.0.0.2,1,104
10.0.0.2,10.0.0.1,1,104
10.0.0.2,10.0.0.1,1,104
10.0.0.1,10.0.0.2,1,104
10.0.0.1,10.0.0.2,1,104
10.0.0.2,10.0.0.1,1,104
10.0.0.2,10.0.0.1,1,104
10.0.0.1,10.0.0.2,1,104
10.0.0.1,10.0.0.2,1,104
10.0.0.2,10.0.0.1,1,104
10.0.0.2,10.0.0.1,1,104
10.0.0.1,10.0.0.2,1,104
10.0.0.1,10.0.0.2,1,104
10.0.0.2,10.0.0.1,1,104
10.0.0.2,10.0.0.1,1,104
